{
  "id": "indominantpiet",
  "title": "Indominant Piet Primer 2.0",
  "description": "The Indominant Piet system for FoundryVTT!",
  "compatibility": {
    "minimum": "11",
    "verified": "12.331"
  },
  "url": "https://github.com/WildManPiet/indominantpiet/tree/indominantpiet/",
  "manifest": "https://raw.githubusercontent.com/WildManPiet/indominantpiet/main/system.json",
  "download": "https://raw.githubusercontent.com/WildManPiet/indominantpiet/main/indominantpiet_v2_0_3.zip",
  "authors": [
    {
      "name": "Greg Piet",
      "discord": "WildManPiet",
      "flags": {}
    },
    {
      "name": "Asacolips (Boilerplate)",
      "discord": "asacolips(Boilerplate)",
      "flags": {}
    },
    {
      "name": "Lee Talman(Boilerplate)",
      "discord": ".pizzaWizard(Boilerplate)",
      "flags": {}
    }
  ],
  "version": "2.0.3",
  "esmodules": [
    "module/indominantpiet.mjs"
  ],
  "styles": [
    "css/indominantpiet.css"
  ],
  "license": "LICENSE.txt",
  "readme": "README.md",
  "bugs": "gregpiet@gmail.com",
  "changelog": "CHANGELOG.md",
  "media": [
    {
      "type": "cover",
      "loop": false,
      "flags": {}
    },
    {
      "type": "setup",
      "url": "systems/indominantpiet/assets/Indominant_Foundry_Image.png",
      "thumbnail": "systems/indominantpiet/assets/Indominant_Foundry_Image.png",
      "loop": false,
      "flags": {}
    }
  ],
  "languages": [
    {
      "lang": "en",
      "name": "English",
      "path": "lang/en.json",
      "flags": {}
    }
  ],
  "packs": [
    {
      "name": "Powers",
      "label": "Powers",
      "path": "packs/powers",
      "type": "Item",
      "system": "indominantpiet",
      "ownership": {
        "PLAYER": "OBSERVER",
        "ASSISTANT": "OWNER"
      },
      "flags": {}
    },
    {
      "name": "Consumables",
      "label": "Consumables",
      "path": "packs/consumables",
      "type": "Item",
      "system": "indominantpiet",
      "ownership": {
        "PLAYER": "OBSERVER",
        "ASSISTANT": "OWNER"
      },
      "flags": {}
    },
    {
      "name": "Species_Traits",
      "label": "Species Traits",
      "path": "packs/species_traits",
      "type": "Item",
      "system": "indominantpiet",
      "ownership": {
        "PLAYER": "OBSERVER",
        "ASSISTANT": "OWNER"
      },
      "flags": {}
    },
    {
      "name": "Costume-Upgrades",
      "label": "Costume-Upgrades",
      "path": "packs/costume-upgrades",
      "type": "Item",
      "system": "indominantpiet",
      "ownership": {
        "PLAYER": "OBSERVER",
        "ASSISTANT": "OWNER"
      },
      "flags": {}
    },
    {
      "name": "Origins",
      "label": "Origins",
      "path": "packs/origins",
      "type": "Item",
      "system": "indominantpiet",
      "ownership": {
        "PLAYER": "OBSERVER",
        "ASSISTANT": "OWNER"
      },
      "flags": {}
    },
    {
      "name": "Archetypes_Traits",
      "label": "Archetypes and Traits",
      "path": "packs/dragintoanarchetypesandtraitsfolder",
      "type": "Item",
      "system": "indominantpiet",
      "ownership": {
        "PLAYER": "OBSERVER",
        "ASSISTANT": "OWNER"
      },
      "flags": {}
    },
    {
      "name": "OKG_Resources",
      "label": "OKG Reference Resources",
      "path": "packs/okg-resources",
      "type": "JournalEntry",
      "system": "indominantpiet",
      "ownership": {
        "PLAYER": "OBSERVER",
        "ASSISTANT": "OWNER"
      },
      "flags": {}
    },
    {
      "name": "System_Actors",
      "label": "System Actors",
      "path": "packs/system-actors",
      "type": "Actor",
      "system": "indominantpiet",
      "ownership": {
        "PLAYER": "OBSERVER",
        "ASSISTANT": "OWNER"
      },
      "flags": {}
    }
  ],
  "packFolders": [
    {
      "name": "Indominant SRD content",
      "color": null,
      "packs": [],
      "folders": []
    }
  ],
  "background": "systems/indominantpiet/assets/Indominant_Foundry_Image.png",
  "grid": {
    "units": "Moo-mans"
  },
  "primaryTokenAttribute": "health",
  "secondaryTokenAttribute": "drive"
}